{
  "name": "B",
  "mass": 2.8832815e+30,
  "radius": 597933600,
  "refBodies": "A",
  "ecc": 0.846,
  "semiLatRect": 5.649400300536e+11,
  "x_pos": -3125188913560.047,
  "y_pos": 1013099666635.3763,
  "z_pos": -1483085841703.4502,
  "x_vel": 436.4044694550819,
  "y_vel": 3653.7031383982853,
  "z_vel": -3077.9920791396903
}
