{
  "name": "Ab",
  "mass": 6.5022969e+30,
  "radius": 696000000,
  "refBodies": "Aa",
  "ecc": 0.297,
  "semiLatRect": 385483890783.5886,
  "x_pos": -22171859299.986877,
  "y_pos": -136388845549.10983,
  "z_pos": -415396374546.6971,
  "x_vel": -17381.848753357433,
  "y_vel": 50376.796522132936,
  "z_vel": 961.2112884400449
}
