{
  "name": "C",
  "mass": 3.8377471e+30,
  "radius": 696000000,
  "refBodies": "A,B",
  "ecc": 0.5968,
  "semiLatRect": 5653304678501.925,
  "x_pos": 11558226990704.781,
  "y_pos": 2737408647170.6777,
  "z_pos": -6681329136239.68,
  "x_vel": -2303.4534453399087,
  "y_vel": 5123.4932610554715,
  "z_vel": 1314.3929928707223
}
