{
  "name": "B",
  "orbiting": "A",
  "apo": 3668718286385,
  "peri": 305758153049,
  "x_pos": -3125188914560.047,
  "y_pos": 1013099667635.3763,
  "z_pos": -1483085842703.4502,
  "x_vel": 446.4044694550819,
  "y_vel": 3663.7031383982853,
  "z_vel": -3087.9920791396903,
  "mass": 2.8832815e+30
}