{
  "name": "Ba",
  "mass": 1.81945005e+30,
  "radius": 602040000,
  "refBodies": "A",
  "ecc": 0.0,
  "semiLatRect": 62855760006.523056,
  "x_pos": -27009716644.136257,
  "y_pos": -2475692013.2703977,
  "z_pos": -56702669442.068794,
  "x_vel": 90771.11575999571,
  "y_vel": -1884.213927065031,
  "z_vel": -43155.5940285863
}
