{
  "name": "B",
  "mass": 1.81945005e+30,
  "radius": 602040000,
  "refBodies": "A",
  "ecc": 0.0,
  "semiLatRect": 62855760006.523056,
  "x_pos": -62854706433.835785,
  "y_pos": -15874407.781630164,
  "z_pos": -363583714.050649,
  "x_vel": 582.0343155141679,
  "y_vel": -4384.781773337435,
  "z_vel": -100428.01371755498
}
