{
  "name": "C",
  "mass": 1.7299689e+30,
  "radius": 556800000,
  "refBodies": "A,B",
  "ecc": 0.0,
  "semiLatRect": 3324792001.8817687,
  "x_pos": 1130310872.4095635,
  "y_pos": 130935193.31588843,
  "z_pos": 3124019072.067429,
  "x_vel": -251065.86894422403,
  "y_vel": 3800.6019598124144,
  "z_vel": 90679.61567174831
}
