{
  "name": "C",
  "mass": 1.7299689e+30,
  "radius": 556800000,
  "refBodies": "A,B",
  "ecc": 0.0,
  "semiLatRect": 3324792001.8817687,
  "x_pos": -3198324265.7429442,
  "y_pos": 38034615.64524997,
  "z_pos": 907478437.7325749,
  "x_vel": -72930.68872550025,
  "y_vel": -10754.171944383206,
  "z_vel": -256586.7694370971
}
