{
  "name": "B",
  "orbiting": "A",
  "apo": 5286396963124,
  "peri": 1678096321840,
  "x_pos": -2080688167815.5637,
  "y_pos": -1891959849643.0146,
  "z_pos": 4418049315559.029,
  "x_vel": 4318.266145075189,
  "y_vel": 1600.0709381389001,
  "z_vel": 1902.7861763402827,
  "mass": 1.80354229e+30
}