{
  "name": "B",
  "mass": 1.80354229e+30,
  "radius": 597933600,
  "refBodies": "A",
  "ecc": 0.5179,
  "semiLatRect": 2.548237020317e+12,
  "x_pos": -2080688167815.5637,
  "y_pos": -1891959849643.0146,
  "z_pos": 4418049315559.029,
  "x_vel": 4318.266145075189,
  "y_vel": 1600.0709381389001,
  "z_vel": 1902.7861763402827
}