{
  "name": "C",
  "mass": 2.42792187e+29,
  "radius": 107323200,
  "refBodies": "A,B",
  "ecc": 0.5,
  "semiLatRect": 976126106317500,
  "x_pos": -53907639255136.53,
  "y_pos": -868038485610969.1,
  "z_pos": -1745900987909232.2,
  "x_vel": -174.4387498753723,
  "y_vel": 186.12962246910573,
  "z_vel": -99.99305673296305
}
