{
  "name": "Ab",
  "mass": 6.5221816e+30,
  "radius": 696000000,
  "refBodies": "Aa",
  "ecc": 0.056,
  "semiLatRect": 70207516462.85593,
  "x_pos": 61926760801.11551,
  "y_pos": -36692296235.06604,
  "z_pos": -1160333030.4284952,
  "x_vel": 43294.901564668144,
  "y_vel": 82485.61864300583,
  "z_vel": -455.0967861326642
}
