{
  "name": "C",
  "mass": 6.6216051e+30,
  "radius": 696000000,
  "refBodies": "A,B",
  "ecc": 0.241,
  "semiLatRect": 1947791578749.7673,
  "x_pos": -870025574879.901,
  "y_pos": 323450936948.64087,
  "z_pos": 2305764160991.1406,
  "x_vel": 8337.53880417172,
  "y_vel": -15211.645887379056,
  "z_vel": 2738.689214127693
}
