{
  "name": "B",
  "mass": 5.170022e+29,
  "radius": 696000000,
  "refBodies": "A",
  "ecc": 0.435,
  "semiLatRect": 12801077954278.89,
  "x_pos": -6783945357171.398,
  "y_pos": 4201672154778.139,
  "z_pos": -7147722164830.872,
  "x_vel": 3495.9968548763864,
  "y_vel": 3282.877370550194,
  "z_vel": 872.6435313573118
}
