{
  "name": "Bb",
  "mass": 4.772328e+29,
  "radius": 696000000,
  "refBodies": "Ba",
  "ecc": 0.357,
  "semiLatRect": 361631557416.9221,
  "x_pos": 56598467478.76041,
  "y_pos": -81365482617.11574,
  "z_pos": -270743075478.20428,
  "x_vel": 16148.94984636453,
  "y_vel": 5603.616950892116,
  "z_vel": -1895.8918994296855
}
