{
  "name": "B",
  "mass": 2.8832815e+30,
  "radius": 597933600,
  "refBodies": "A",
  "ecc": 0.846,
  "semiLatRect": 5.649400300536e+11,
  "x_pos": -3125188924560.047,
  "y_pos": 1013099677635.3763,
  "z_pos": -1483085852703.4502,
  "x_vel": 546.4044694550819,
  "y_vel": 3763.7031383982853,
  "z_vel": -3187.9920791396903
}
