{
  "name": "B",
  "mass": 2.8832815e+30,
  "radius": 597933600,
  "refBodies": "A",
  "ecc": 0.846,
  "semiLatRect": 5.649400300536e+11,
  "x_pos": -3125187914560.047,
  "y_pos": 1013098667635.3763,
  "z_pos": -1483084842703.4502,
  "x_vel": -9553.595530545,
  "y_vel": -6336.296861602,
  "z_vel": 6912.00792086
}
