{
  "name": "C",
  "mass": 2.982705e+30,
  "radius": 107323200,
  "refBodies": "A,B",
  "ecc": 0.405,
  "semiLatRect": 1.602602738995e+13,
  "x_pos": -7409283968633.752,
  "y_pos": -2436383295686.0146,
  "z_pos": 8506551370117.136,
  "x_vel": 7878.752717209,
  "y_vel": -1454.784432962,
  "z_vel": 9621.295465212
}
