{
  "name": "C",
  "mass": 2.982705e+30,
  "radius": 107323200,
  "refBodies": "A,B",
  "ecc": 0.405,
  "semiLatRect": 1.602602738995e+13,
  "x_pos": -7409284969633.752,
  "y_pos": -2436384296686.0146,
  "z_pos": 8506552371117.136,
  "x_vel": -2131.2472827909405,
  "y_vel": 8555.215567037536,
  "z_vel": -388.7045347879107
}
