{
  "name": "B",
  "mass": 2.8832815e+30,
  "radius": 597933600,
  "refBodies": "A",
  "ecc": 0.846,
  "semiLatRect": 5.649400300536e+11,
  "x_pos": -3125188904560.047,
  "y_pos": 1013099657635.3763,
  "z_pos": -1483085832703.4502,
  "x_vel": 346.4044694550819,
  "y_vel": 3563.7031383982853,
  "z_vel": -2987.9920791396903
}
