{
  "name": "B",
  "mass": 3.2809755e+30,
  "radius": 696000000,
  "refBodies": "A",
  "ecc": 0.13,
  "semiLatRect": 183837083356.46246,
  "x_pos": 14865139870.39315,
  "y_pos": -205528365915.68478,
  "z_pos": -22062578033.727127,
  "x_vel": -43751.470294709914,
  "y_vel": -9367.11822514985,
  "z_vel": 23438.286929164384
}
