{
  "name": "C",
  "mass": 1.7498536e+30,
  "radius": 696000000,
  "refBodies": "A,B",
  "ecc": 0.13,
  "semiLatRect": 1351570236836.712,
  "x_pos": -783325495166.8225,
  "y_pos": 1173362757941.272,
  "z_pos": 622395838754.1587,
  "x_vel": 9333.013373638803,
  "y_vel": 12358.419352588378,
  "z_vel": -13941.758603873455
}
